INSERT INTO empleado (legajo, activo, apellido, contrato, dni, fecha_ingreso, fecha_nacimiento, nombre, rol, seniority) VALUES
  ('100', true, 'Caceres', 0, '38765748', '2017-05-10 05:50:11.127281-02', '1995-10-10 05:50:11.127281-02', 'Julieta', 2, 1),
  ('101', true, 'Escobar', 0, '38765748', '2017-05-10 05:50:11.127281-02', '1996-10-10 05:50:11.127281-02', 'Soledad', 3, 2),
  ('102', true, 'Montiel', 1, '38746859', '2017-05-10 05:50:11.127281-02', '1996-12-10 05:50:11.127281-02', 'Ramiro', 4, 2),
  ('103', true, 'Balestieri', 2, '32746859', '2018-01-10 05:50:11.127281-02', '1993-03-20 05:50:11.127281-02', 'Diego', 1, 2),
  ('104', true, 'Batista', 2, '31236859', '2018-01-10 05:50:11.127281-02', '1992-05-13 05:50:11.127281-02', 'Gonzalo', 4, 1),
  ('105', true, 'Blazquez Olivera', 1, '38746859', '2018-02-01 05:50:11.127281-02', '2017-08-10 05:50:11.127281-02', 'Sebastian', 4, 1),
  ('106', true, 'Cohen', 1, '38748759', '2018-02-01 05:50:11.127281-02', '1996-12-10 05:50:11.127281-02', 'Martin', 5, 3),
  ('107', true, 'De Giano', 2, '33446859', '2019-01-01 05:50:11.127281-02', '1993-01-01 05:50:11.127281-02', 'Pablo', 5, 3),
  ('108', true, 'Del Carril', 1, '21746859', '2019-01-01 05:50:11.127281-02', '1993-01-01 05:50:11.127281-02', 'Manuel', 5, 3),
  ('109', true, 'Fernandez', 1, '40746859', '2019-01-01 05:50:11.127281-02', '1995-09-01 05:50:11.127281-02', 'Andres', 5, 3),
  ('110', true, 'Fritz', 2, '38746783', '2019-01-01 05:50:11.127281-02', '1999-01-31 05:50:11.127281-02', 'Lautaro', 5, 3),
  ('111', true, 'Gaido', 0, '38744637', '2019-05-01 05:50:11.127281-02', '1996-08-29 05:50:11.127281-02', 'Nicolas', 6, 3),
  ('112', true, 'Levi', 0, '38709759', '2019-05-01 05:50:11.127281-02', '1997-03-10 05:50:11.127281-02', 'Matías', 0, 3),
  ('113', true, 'Macia', 1, '38726379', '2019-05-01 05:50:11.127281-02', '1995-12-01 05:50:11.127281-02', 'Tomás', 0, 3),
  ('114', true, 'Nitz', 2, '38746832', '2019-05-01 05:50:11.127281-02', '1994-04-01 05:50:11.127281-02', 'Ignacio', 1, 3),
  ('115', true, 'Parente', 0, '38263859', '2020-03-05 05:50:11.127281-02', '1993-01-01 05:50:11.127281-02', 'Gastón', 1, 3),
  ('116', true, 'Perez', 0, '25346859', '2020-03-05 05:50:11.127281-02', '1990-01-27 05:50:11.127281-02', 'Axel', 2, 3),
  ('117', true, 'Prediger', 2, '34726859', '2020-07-10 05:50:11.127281-02', '1993-11-01 05:50:11.127281-02', 'Emiliano', 2, 3),
  ('118', true, 'Rial', 1, '38746984', '2020-08-01 05:50:11.127281-02', '1993-10-05 05:50:11.127281-02', 'Lucas', 4, 0),
  ('119', true, 'Sturla', 1, '38253659', '2020-08-01 05:50:11.127281-02', '1993-01-11 05:50:11.127281-02', 'Manuel', 4, 0);

INSERT INTO carga_de_horas (id, actividad, fecha, horas_trabajadas, legajo, proyecto_id, tarea_id) VALUES
  ('1', 0, '2020-07-01 05:50:11.127281-02', 9, 100, 1, 1),
  ('2', 0, '2020-07-02 05:50:11.127281-02', 8, 100, 1, 1),
  ('3', 0, '2020-07-03 05:50:11.127281-02', 8, 100, 1, 2),
  ('4', 0, '2020-07-07 05:50:11.127281-02', 5, 100, 1, 2),
  ('5', 2, '2020-07-07 05:50:11.127281-02', 4, 100, 1, 3),
  ('6', 0, '2020-07-08 05:50:11.127281-02', 9, 100, 1, 3),
  ('7', 0, '2020-07-09 05:50:11.127281-02', 8, 100, 1, 3),
  ('8', 0, '2020-07-10 05:50:11.127281-02', 8.25, 100, 1, 3),
  ('9', 0, '2020-07-13 05:50:11.127281-02', 8, 100, 1, 3),
  ('10', 0, '2020-07-14 05:50:11.127281-02', 8.25, 100, 1, 4),
  ('11', 0, '2020-07-14 05:50:11.127281-02', 8.5, 100, 1, 4),
  ('12', 0, '2020-07-15 05:50:11.127281-02', 9, 100, 1, 5),
  ('13', 0, '2020-07-15 05:50:11.127281-02', 8, 100, 1, 6),
  ('14', 0, '2020-07-16 05:50:11.127281-02', 8.0, 100, 1, 6),
  ('15', 0, '2020-07-17 05:50:11.127281-02', 9.0, 100, 1, 6),
  ('16', 0, '2020-07-20 05:50:11.127281-02', 9.0, 100, 1, 6),
  ('17', 0, '2020-07-21 05:50:11.127281-02', 9.0, 100, 1, 6),
  ('18', 0, '2020-07-22 05:50:11.127281-02', 9.0, 100, 1, 7),
  ('19', 0, '2020-07-23 05:50:11.127281-02', 8.0, 100, 1, 7),
  ('20', 0, '2020-07-24 05:50:11.127281-02', 7.5, 100, 1, 8),
  ('21', 3, '2020-07-27 05:50:11.127281-02', 4.0, 100, 1, 8),
  ('22', 0, '2020-07-27 05:50:11.127281-02', 4.0, 100, 1, 8),
  ('23', 3, '2020-07-28 05:50:11.127281-02', 9.0, 100, 1, 9),
  ('24', 0, '2020-07-29 05:50:11.127281-02', 9.0, 100, 1, 9),
  ('25', 0, '2020-07-30 05:50:11.127281-02', 8.0, 100, 1, 10),
  ('26', 0, '2020-07-31 05:50:11.127281-02', 8.5, 100, 1, 10),
  ('27', 0, '2020-08-03 05:50:11.127281-02', 9.0, 100, 1, 11),
  ('28', 0, '2020-08-04 05:50:11.127281-02', 8.75, 100, 1, 12),
  ('29', 0, '2020-08-05 05:50:11.127281-02', 8.5, 100, 1, 12),
  ('30', 0, '2020-08-06 05:50:11.127281-02', 9.0, 100, 1, 12),
  ('31', 0, '2020-08-07 05:50:11.127281-02', 8.5, 100, 1, 12),
  ('32', 0, '2020-08-08 05:50:11.127281-02', 8.25, 100, 1, 13),
  ('33', 0, '2020-08-09 05:50:11.127281-02', 7.0, 100, 1, 13);

INSERT INTO asignacion_proyecto (id_asignacion, codigo_proyecto, fecha_fin,fecha_inicio, rol_empleado) VALUES
  (1, 1, '2020-01-01 05:50:11.127281-02', null, 5),
  (2, 1, '2020-01-01 05:50:11.127281-02', '2020-01-01 05:50:11.127281-02', 1),
  (3, 1, '2020-01-01 05:50:11.127281-02', null, 2),
  (4, 1, '2020-01-15 05:50:11.127281-02', null, 3),
  (5, 1, '2020-02-01 05:50:11.127281-02', null, 1),
  (6, 1, '2020-02-17 05:50:11.127281-02', null, 1),
  (7, 1, '2020-05-12 05:50:11.127281-02', null, 4),
  (8, 1, '2020-06-19 05:50:11.127281-02', null, 1),
  (9, 1, '2020-03-04 05:50:11.127281-02', null, 1),
  (10, 1, '2019-10-27 05:50:11.127281-02', '2020-06-30 05:50:11.127281-02', 1);

INSERT INTO empleado_proyectos_asignados (empleado_legajo, proyectos_asignados_id_asignacion) VALUES
  ('100', 1),
  ('101', 2),
  ('102', 3),
  ('103', 4),
  ('104', 5),
  ('105', 6),
  ('106', 7),
  ('107', 8),
  ('108', 9),
  ('109', 10);

INSERT INTO empleado_horas_cargadas(empleado_legajo, horas_cargadas_id) VALUES
  ('100', '1'),
  ('100', '2'),
  ('100', '3'),
  ('100', '4'),
  ('100', '5'),
  ('100', '6'),
  ('100', '7');